,age,duration,campaign,previous
count,32910.0,32910.0,32910.0,32910.0
mean,40.01409905803707,258.1643269522941,2.560619872379216,0.17481008811911272
std,10.402947714925428,259.07025960950676,2.753336387827619,0.49921137366395457
min,17.0,0.0,1.0,0.0
25%,32.0,103.0,1.0,0.0
50%,38.0,180.0,2.0,0.0
75%,47.0,319.0,3.0,0.0
max,98.0,4918.0,56.0,7.0
